{"meta": {"format": 2, "version": "7.5.3", "timestamp": "2024-06-05T12:54:42.004471", "branch_coverage": false, "show_contexts": false}, "files": {"alembic\\env.py": {"executed_lines": [1, 2, 3, 5, 6, 9, 11, 15, 19, 25, 33, 52, 59, 65, 66, 68, 69, 72, 75], "summary": {"covered_lines": 19, "num_statements": 24, "percent_covered": 79.16666666666667, "percent_covered_display": "79", "missing_lines": 5, "excluded_lines": 0}, "missing_lines": [45, 46, 48, 49, 73], "excluded_lines": []}, "alembic\\versions\\723870d04286_initial_migration.py": {"executed_lines": [1, 9, 11, 12, 15, 16, 17, 18, 21, 23, 31, 32, 33, 34, 51, 52, 53, 54, 68, 69, 73], "summary": {"covered_lines": 20, "num_statements": 31, "percent_covered": 64.51612903225806, "percent_covered_display": "65", "missing_lines": 11, "excluded_lines": 0}, "missing_lines": [75, 76, 77, 78, 79, 80, 81, 82, 83, 84, 85], "excluded_lines": []}, "app\\__init__.py": {"executed_lines": [1, 3, 6, 7, 8, 10, 11, 12, 15], "summary": {"covered_lines": 9, "num_statements": 10, "percent_covered": 90.0, "percent_covered_display": "90", "missing_lines": 1, "excluded_lines": 0}, "missing_lines": [14], "excluded_lines": []}, "app\\crud.py": {"executed_lines": [1, 3, 5, 6, 7, 10, 11, 12, 13, 14, 17, 18, 23, 24, 25, 28, 29, 30, 31, 33, 34, 36, 38, 42, 43, 46, 47, 48, 49, 53, 54, 55, 58, 59, 60, 62, 63, 64, 65, 66, 67, 68, 69, 70, 71, 73, 74, 75, 76, 77, 83, 84, 85, 86, 87, 91, 97, 98, 111, 112, 113, 126, 127, 128, 129, 131, 132, 134, 135, 137, 141, 143, 144, 148, 151, 157, 159, 162, 163, 164, 165, 170, 171, 182, 185, 186, 187, 189, 190, 191, 192, 193, 194, 195, 196, 197, 198, 199, 200, 201, 202, 206, 207, 208, 209, 210, 226, 227, 228, 229, 235, 236, 247, 248, 249, 259, 262, 263, 266, 267, 270, 296, 299, 304, 307, 312, 314, 317, 318, 319, 320, 324, 325, 333, 336, 337, 338, 340, 341, 342, 343, 344, 345, 346, 347, 348, 349, 350, 351, 352, 356, 357, 358], "summary": {"covered_lines": 153, "num_statements": 158, "percent_covered": 96.83544303797468, "percent_covered_display": "97", "missing_lines": 5, "excluded_lines": 0}, "missing_lines": [90, 203, 204, 354, 355], "excluded_lines": []}, "app\\database.py": {"executed_lines": [1, 2, 3, 5, 6, 8, 10, 13, 14, 15, 16, 17, 18, 20, 23, 24, 25, 28, 29, 30, 31, 32, 35, 38, 39, 40, 41, 42, 44, 45, 48, 49, 50, 51], "summary": {"covered_lines": 34, "num_statements": 34, "percent_covered": 100.0, "percent_covered_display": "100", "missing_lines": 0, "excluded_lines": 0}, "missing_lines": [], "excluded_lines": []}, "app\\exceptions.py": {"executed_lines": [1, 2, 10, 12, 13, 14, 17, 18, 26, 28, 29, 30], "summary": {"covered_lines": 10, "num_statements": 10, "percent_covered": 100.0, "percent_covered_display": "100", "missing_lines": 0, "excluded_lines": 0}, "missing_lines": [], "excluded_lines": []}, "app\\main.py": {"executed_lines": [1, 3, 4, 5, 7, 8, 10, 13, 32, 33, 34, 35, 36, 45, 46, 47, 48, 50, 51, 55, 56, 57, 58, 59, 60, 61, 64, 65, 66, 67, 68, 69, 70, 73, 74, 75, 76, 77, 80, 81, 82, 83, 84, 88, 89, 90, 91, 92, 93, 94, 97, 98, 99, 100, 101, 102, 103, 106, 107, 108, 109, 110, 113, 114, 115, 116, 117, 121, 122, 123, 124, 125, 126, 127, 130, 131, 132, 133, 134, 135, 136, 139, 140, 141, 142, 143, 146, 147, 148, 149, 150], "summary": {"covered_lines": 91, "num_statements": 91, "percent_covered": 100.0, "percent_covered_display": "100", "missing_lines": 0, "excluded_lines": 0}, "missing_lines": [], "excluded_lines": []}, "app\\models.py": {"executed_lines": [1, 2, 3, 5, 8, 9, 10, 11, 12, 13, 16, 17, 18, 19, 20, 21, 22, 23, 24, 25, 26, 27, 30, 31, 32, 33, 34, 35, 36, 37, 38, 41, 42], "summary": {"covered_lines": 33, "num_statements": 33, "percent_covered": 100.0, "percent_covered_display": "100", "missing_lines": 0, "excluded_lines": 0}, "missing_lines": [], "excluded_lines": []}, "app\\schemas.py": {"executed_lines": [1, 2, 4, 7, 8, 9, 12, 13, 14, 17, 18, 19, 20, 21, 23, 24, 27, 28, 29, 30, 31, 34, 35, 36, 37, 40, 41, 42, 43, 44, 45, 46, 47, 48, 49, 51, 52, 55, 56, 57, 58, 61, 62, 63, 64, 65, 68, 69, 70, 71, 72, 73, 74, 76, 77], "summary": {"covered_lines": 55, "num_statements": 55, "percent_covered": 100.0, "percent_covered_display": "100", "missing_lines": 0, "excluded_lines": 0}, "missing_lines": [], "excluded_lines": []}, "app\\utils.py": {"executed_lines": [1, 2, 5, 6, 7, 8, 11, 21, 22, 23, 24], "summary": {"covered_lines": 11, "num_statements": 11, "percent_covered": 100.0, "percent_covered_display": "100", "missing_lines": 0, "excluded_lines": 0}, "missing_lines": [], "excluded_lines": []}, "tests\\__init__.py": {"executed_lines": [0], "summary": {"covered_lines": 0, "num_statements": 0, "percent_covered": 100.0, "percent_covered_display": "100", "missing_lines": 0, "excluded_lines": 0}, "missing_lines": [], "excluded_lines": []}, "tests\\conftest.py": {"executed_lines": [1, 2, 3, 5, 8, 9, 10, 11, 12, 13, 14], "summary": {"covered_lines": 11, "num_statements": 11, "percent_covered": 100.0, "percent_covered_display": "100", "missing_lines": 0, "excluded_lines": 0}, "missing_lines": [], "excluded_lines": []}, "tests\\test_events.py": {"executed_lines": [1, 2, 4, 5, 8, 9, 10, 13, 25, 26, 27, 28, 29, 30, 33, 34, 35, 38, 47, 52, 53, 54, 55, 56, 59, 60, 61, 62, 63, 66, 67, 68, 71, 79, 90, 96, 97, 98, 99, 102, 103, 104, 107, 116, 117, 118, 119, 120, 121, 124, 125, 126, 129, 140, 141, 143, 146, 147, 148, 149, 150, 153, 154, 159, 162, 163, 168, 171, 172, 184, 185, 188, 189, 190, 193, 202, 207, 210, 211, 212, 215, 223, 232, 233, 234, 235, 236, 238, 239, 240, 241, 242, 245, 246, 247, 250, 258, 266, 275, 276, 277, 278, 279, 280, 282, 283, 284, 285, 286, 287, 288], "summary": {"covered_lines": 111, "num_statements": 111, "percent_covered": 100.0, "percent_covered_display": "100", "missing_lines": 0, "excluded_lines": 0}, "missing_lines": [], "excluded_lines": []}, "tests\\test_selections.py": {"executed_lines": [1, 2, 4, 5, 8, 9, 10, 13, 22, 35, 36, 37, 38, 39, 40, 43, 44, 45, 48, 56, 66, 73, 74, 75, 76, 77, 78, 81, 82, 94, 97, 98, 99, 100, 101, 104, 105, 106, 109, 117, 127, 128, 129, 130, 131, 134, 135, 136, 139, 147, 157, 158, 159, 160, 161, 162, 165, 166, 167, 170, 178, 189, 194, 195, 196, 199, 204, 205, 206, 209, 214, 215, 216, 219, 224, 225, 226, 229, 231, 232, 235, 245, 254, 265, 270, 277, 278, 279, 280, 283, 284, 297, 300, 301, 314, 317, 318, 319, 322, 330, 340, 347, 350, 351, 352, 355, 363, 373, 374, 375, 376, 377, 378, 381, 382, 383, 386, 394, 403, 412, 422, 423, 424, 425, 426, 427, 428, 430, 431, 432, 433, 434, 435], "summary": {"covered_lines": 133, "num_statements": 133, "percent_covered": 100.0, "percent_covered_display": "100", "missing_lines": 0, "excluded_lines": 0}, "missing_lines": [], "excluded_lines": []}, "tests\\test_sports.py": {"executed_lines": [1, 2, 4, 5, 8, 9, 14, 15, 16, 17, 18, 21, 22, 23, 27, 32, 35, 36, 37, 41, 46, 47, 48, 49, 52, 53, 58, 61, 62, 63, 64, 65, 68, 69, 70, 74, 75, 76, 77, 80, 81, 82, 86, 87, 88, 89, 90, 91, 94, 95, 96, 101, 107, 108, 109, 110, 111, 113, 114, 115, 116, 117, 120, 121, 122, 127, 128, 137, 138, 139, 140, 141, 142, 145, 146, 147, 151, 159, 168, 173, 179, 180, 181, 182, 185, 186, 191, 194, 195, 200, 203, 204, 205, 208, 213, 220, 226, 227, 228, 229, 230, 231, 232], "summary": {"covered_lines": 103, "num_statements": 103, "percent_covered": 100.0, "percent_covered_display": "100", "missing_lines": 0, "excluded_lines": 0}, "missing_lines": [], "excluded_lines": []}}, "totals": {"covered_lines": 793, "num_statements": 815, "percent_covered": 97.30061349693251, "percent_covered_display": "97", "missing_lines": 22, "excluded_lines": 0}}